Epic ID,Epic Title,PBI ID,PBI Title,Story Points,Description,Sprint
Epic 1,Enhanced Product Domain & Design Patterns,PBI 1.1,Product Category & Type System,13,"Implement product hierarchy for electronics (Smartphones, Laptops, Tablets, Accessories, Wearables). Create abstract Product base class, implement ProductType enum, create specific product classes, add category-specific attributes, update database schema with inheritance (TPH or TPT), create migrations, update Product Service API, add category filtering endpoints.",Sprint 1-2
Epic 1,Enhanced Product Domain & Design Patterns,PBI 1.2,Product Variant System (Builder Pattern),21,"Implement product variants (color, storage, RAM) using Builder pattern. Create ProductVariant entity, implement ProductBuilder, add SKU generation, support variant-specific pricing and stock, create variant management API, add frontend variant selector UI.",Sprint 1-2
Epic 1,Enhanced Product Domain & Design Patterns,PBI 1.3,Dynamic Pricing Strategy System,13,"Implement multiple pricing strategies (Regular, Sale, Bundle, Seasonal). Create IPricingStrategy interface, implement concrete strategies, add PriceCalculator service, support time-based pricing, create pricing rules engine, add admin API for price management.",Sprint 3
Epic 1,Enhanced Product Domain & Design Patterns,PBI 1.4,Product Specifications & Attributes System,8,"Flexible attribute system for different product types. Create ProductAttribute entity with key-value pairs, support typed attributes, create attribute groups, add attribute search/filter capability, create attribute management API.",Sprint 3
Epic 1,Enhanced Product Domain & Design Patterns,PBI 1.5,Product Images & Media Management,13,"Multi-image support with primary image selection. Create ProductImage entity, support multiple images per product, implement image upload API, add image storage (local/blob), support image ordering, create thumbnail generation, add image gallery frontend component.",Sprint 4
Epic 1,Enhanced Product Domain & Design Patterns,PBI 1.6,Product Search & Filtering,21,"Advanced search with filters, sorting, pagination. Implement full-text search, add filter by category/price/brand, add filter by attributes, implement sorting options, add pagination, create search suggestions/autocomplete, optimize database queries with indexes.",Sprint 4
Epic 1,Enhanced Product Domain & Design Patterns,PBI 1.7,Inventory Management & Stock Alerts,13,"Advanced inventory tracking with low-stock alerts. Add low-stock threshold configuration, implement stock level alerts using Observer Pattern, create inventory history tracking, add reorder point calculation, create inventory reports API, add admin inventory dashboard.",Sprint 5
Epic 1,Enhanced Product Domain & Design Patterns,PBI 1.8,Product Reviews & Ratings,21,"Customer reviews with ratings and moderation. Create Review entity, allow only verified buyers to review, support 1-5 star ratings, add review text with validation, calculate average rating per product, implement review pagination, add review reporting/moderation.",Sprint 5
Epic 1,Enhanced Product Domain & Design Patterns,PBI 1.9,Wishlist Feature,13,"User wishlist with price tracking. Create Wishlist entity, add/remove products from wishlist, track price changes for wishlist items, send price drop notifications using Observer Pattern, add wishlist page UI, support sharing wishlists.",Sprint 6
Epic 1,Enhanced Product Domain & Design Patterns,PBI 1.10,Product Comparison Feature,8,"Side-by-side product comparison. Select up to 4 products to compare, display all attributes side-by-side, highlight differences, support comparison within same category, add comparison page UI with responsive mobile view.",Sprint 6
Epic 2,Advanced Order Management & Patterns,PBI 2.1,Order State Machine,13,"Implement proper order lifecycle with state transitions using State Pattern. Define order states (Pending, Processing, Shipped, Delivered, Cancelled, Refunded), create state transition rules, add state change validation, create order history tracking, add state change notifications.",Sprint 7
Epic 2,Advanced Order Management & Patterns,PBI 2.2,Order Validation Pipeline,13,"Multi-step order validation using Chain of Responsibility. Validate stock availability, user wallet balance, product availability, address completeness, order total. Return detailed validation errors. Chain validators in pipeline.",Sprint 7
Epic 2,Advanced Order Management & Patterns,PBI 2.3,Order Cancellation & Refund Flow,13,"Complete cancellation with automatic refund. Allow cancellation in specific states, implement automatic stock restoration, process automatic wallet refund, send cancellation email, add cancellation reason tracking, update order history with compensation transactions.",Sprint 8
Epic 2,Advanced Order Management & Patterns,PBI 2.4,Order Modification Support,21,"Allow order modifications before shipping. Allow quantity changes, allow item removal, recalculate totals, process payment difference, validate stock for changes, update order history, restrict modifications after shipping.",Sprint 8
Epic 2,Advanced Order Management & Patterns,PBI 2.5,Distributed Transaction (Saga Pattern),21,"Implement Saga pattern for order creation reliability. Create orchestrator for order creation, define compensation actions for each step, implement rollback mechanisms, add saga state persistence, handle partial failures gracefully, add comprehensive logging and distributed tracing.",Sprint 9
Epic 2,Advanced Order Management & Patterns,PBI 2.6,Invoice Generation,8,"Generate PDF invoices for orders. Generate invoice on order completion, include all order details, add tax calculation, support invoice download, store invoices persistently, send invoice via email using QuestPDF or similar library.",Sprint 9
Epic 3,Advanced Payment & Checkout,PBI 3.1,Multiple Payment Methods (Adapter Pattern),21,"Support wallet, credit card, UPI, net banking using Adapter Pattern. Create IPaymentGateway interface, implement WalletPaymentGateway, implement mock CreditCardGateway and UPIGateway, add payment method selection UI, store payment method preferences, add payment retry mechanism.",Sprint 10
Epic 3,Advanced Payment & Checkout,PBI 3.2,Checkout Facade,8,"Simplify complex checkout process with Facade Pattern. Create CheckoutFacade to encapsulate multi-step checkout, provide simple API for frontend, handle all service coordination, add checkout session management with timeout handling.",Sprint 10
Epic 3,Advanced Payment & Checkout,PBI 3.3,Payment Retry & Failure Handling,13,"Robust payment failure handling with retry using Polly. Implement exponential backoff retry, add maximum retry limit, handle timeout scenarios, provide clear error messages, allow manual retry from UI, log all payment attempts, add circuit breaker pattern.",Sprint 11
Epic 3,Advanced Payment & Checkout,PBI 3.4,Promotional Codes & Discounts,13,"Coupon code system with various discount types. Create Coupon entity, support percentage and fixed discounts, add minimum order value rules, support expiry dates, add usage limit per coupon and per user, apply coupon at checkout, display discount breakdown.",Sprint 11
Epic 4,Frontend Architecture & React Patterns,PBI 4.1,React Query Integration,13,"Replace axios calls with React Query for server state. Install and configure React Query, create query hooks for all APIs, implement automatic caching, add optimistic updates, implement pagination with useInfiniteQuery, add error retry logic, configure stale time per query.",Sprint 12
Epic 4,Frontend Architecture & React Patterns,PBI 4.2,Advanced State Management (Zustand),8,"Replace Context API with Zustand for global state. Install Zustand, create stores (auth, cart, UI), implement persist middleware, add devtools integration, migrate from Context API, ensure type-safe store access.",Sprint 12
Epic 4,Frontend Architecture & React Patterns,PBI 4.3,Form Management with React Hook Form,8,"Replace controlled forms with React Hook Form. Install React Hook Form + Zod, create validation schemas, migrate all forms (login, register, checkout, profile), add field-level validation, implement form error display, add loading states.",Sprint 13
Epic 4,Frontend Architecture & React Patterns,PBI 4.4,Code Splitting & Lazy Loading,5,"Optimize bundle size with code splitting. Implement route-based code splitting, add React.lazy for heavy components, configure Suspense boundaries, add loading fallbacks, analyze bundle size, achieve <100KB initial bundle.",Sprint 13
Epic 4,Frontend Architecture & React Patterns,PBI 4.5,Progressive Web App (PWA),13,"Convert to installable PWA with offline support. Add service worker using Workbox, create manifest.json, implement offline page, add install prompt, cache static assets, support offline browsing, pass Lighthouse PWA audit.",Sprint 14
Epic 4,Frontend Architecture & React Patterns,PBI 4.6,Accessibility (A11y) Compliance,13,"WCAG 2.1 AA compliance. Add ARIA labels to all interactive elements, implement keyboard navigation, add focus management, support screen readers, add skip links, ensure color contrast ratios, pass axe-core audit.",Sprint 14
Epic 4,Frontend Architecture & React Patterns,PBI 4.7,Animation & Micro-interactions,8,"Smooth animations with Framer Motion. Add page transitions, animate cart add/remove, add loading skeletons, implement smooth scrolling, add hover effects, optimize animation performance for mobile devices.",Sprint 15
Epic 4,Frontend Architecture & React Patterns,PBI 4.8,Error Boundaries & Error Handling,5,"Comprehensive error handling UI. Create error boundary components, add fallback UI for errors, implement error logging, add retry mechanisms, display user-friendly messages, add error reporting integration point (Sentry).",Sprint 15
Epic 4,Frontend Architecture & React Patterns,PBI 4.9,Component Library & Storybook,13,"Document components with Storybook. Set up Storybook, create stories for all components, add component documentation using MDX, implement design tokens, add interaction testing, deploy Storybook to static hosting.",Sprint 16
Epic 4,Frontend Architecture & React Patterns,PBI 4.10,Performance Optimization,8,"Achieve 90+ Lighthouse score. Optimize images (WebP, lazy loading), minimize bundle size, implement virtualization for long lists, add memoization where needed (React.memo, useMemo, useCallback), reduce CLS and FID, pass Lighthouse audit.",Sprint 16
Epic 5,Testing Strategy,PBI 5.1,Backend Unit Tests (.NET),21,"Comprehensive unit tests for all services. Achieve >80% code coverage for business logic, test all service methods, test all validators, test all repositories, mock external dependencies using Moq, use xUnit + FluentAssertions, configure Coverlet for coverage.",Sprint 17
Epic 5,Testing Strategy,PBI 5.2,Backend Integration Tests,13,"Integration tests with real database. Test API endpoints end-to-end, use TestContainers for SQL Server, test service-to-service communication, test database transactions, test error scenarios, use WebApplicationFactory for in-memory API testing.",Sprint 17
Epic 5,Testing Strategy,PBI 5.3,Frontend Unit Tests (Vitest),13,"Unit tests for React components and hooks. Achieve >80% code coverage for components, test all custom hooks, test utility functions, use React Testing Library, mock API calls with MSW, generate coverage reports.",Sprint 18
Epic 5,Testing Strategy,PBI 5.4,E2E Tests (Playwright),8,"End-to-end user journey tests. Test complete user registration, test login flow, test product browsing, test checkout flow, test order history, run in CI pipeline, add visual regression testing.",Sprint 18
Epic 6,CI/CD Pipeline,PBI 6.1,GitHub Actions CI Pipeline,13,"Automated build and test on every commit. Build all .NET services, run all unit tests, run all integration tests, build frontend, run frontend tests, upload coverage reports to Codecov, fail on test failures, run on PR and main branch.",Sprint 19
Epic 6,CI/CD Pipeline,PBI 6.2,Docker Build Automation,8,"Build and push Docker images. Build images for all services, push to Docker Hub or GitHub Container Registry, tag with version numbers, optimize image sizes with multi-stage builds, scan for vulnerabilities using Trivy.",Sprint 19
Epic 6,CI/CD Pipeline,PBI 6.3,Automated Versioning (Semantic Release),8,"Automatic version bumping and changelog. Follow conventional commits, auto-generate version numbers, create GitHub releases, generate CHANGELOG.md, tag commits with versions using semantic-release.",Sprint 20
Epic 6,CI/CD Pipeline,PBI 6.4,Code Quality Gates (SonarQube),13,"Automated code quality checks. Run SonarQube analysis, check code smells, check duplications, check security vulnerabilities, fail build on quality gate failure, display quality badge. Set up SonarQube (self-hosted or cloud).",Sprint 20
Epic 6,CI/CD Pipeline,PBI 6.5,Dependency Scanning (Mend/Snyk),8,"Automated vulnerability scanning. Scan .NET dependencies, scan npm dependencies, report vulnerabilities, fail on high/critical vulnerabilities, auto-create PRs for updates. Integrate Mend Bolt or Snyk.",Sprint 20
Epic 6,CI/CD Pipeline,PBI 6.6,CD Pipeline (Deploy to Staging),5,"Automated deployment to staging environment. Deploy on merge to main, deploy to staging environment (cloud or local K8s), run smoke tests post-deploy, send deployment notifications to Slack/email, configure rollback mechanism.",Sprint 20
Epic 7,Kubernetes Deployment,PBI 7.1,K8s Cluster Setup (K3s),8,"Set up local K3s cluster. Install K3s on local machine or VM, configure kubectl, set up namespaces (dev, staging, prod), configure RBAC, set up storage classes, test cluster connectivity.",Sprint 21
Epic 7,Kubernetes Deployment,PBI 7.2,Kubernetes Manifests,13,"Create K8s manifests for all services. Create Deployments for all services, create Services for all services, configure resource limits (CPU, memory), add liveness and readiness probes, configure environment variables, add ConfigMaps and Secrets.",Sprint 21
Epic 7,Kubernetes Deployment,PBI 7.3,Helm Charts,13,"Package application as Helm chart. Create Helm chart structure, parameterize all configurations, support multiple environments (dev/staging/prod), add deployment hooks, create values files for each environment, test chart installation and upgrades.",Sprint 22
Epic 7,Kubernetes Deployment,PBI 7.4,Ingress & Load Balancing,8,"Set up ingress controller and routing. Install NGINX Ingress Controller, configure ingress routes, set up TLS/SSL with cert-manager, configure path-based routing, add rate limiting, test external access.",Sprint 22
Epic 7,Kubernetes Deployment,PBI 7.5,Persistent Storage,8,"Configure persistent volumes for database. Create PersistentVolume, create PersistentVolumeClaim, mount to SQL Server pod, test data persistence across pod restarts, configure backup strategy.",Sprint 23
Epic 7,Kubernetes Deployment,PBI 7.6,ConfigMaps & Secrets Management,5,"Externalize configuration. Create ConfigMaps for all configs, create Secrets for sensitive data, mount as environment variables, support config hot-reload, encrypt secrets at rest, document secret rotation procedures.",Sprint 23
Epic 7,Kubernetes Deployment,PBI 7.7,Horizontal Pod Autoscaling (HPA),8,"Auto-scale pods based on load. Install metrics-server, configure HPA for services, set CPU/memory targets, test scale-up scenarios with load testing (k6 or JMeter), test scale-down scenarios, monitor scaling events.",Sprint 23
Epic 7,Kubernetes Deployment,PBI 7.8,Service Mesh (Istio - Optional),21,"Add Istio for advanced traffic management. Install Istio, enable sidecar injection, configure traffic routing with VirtualServices, add retry policies, add circuit breakers, configure mutual TLS, test traffic splitting, monitor with Kiali.",Sprint 24
Epic 7,Kubernetes Deployment,PBI 7.9,GitOps with ArgoCD (Optional),5,"Automated deployment from Git. Install ArgoCD, connect to Git repository, configure auto-sync, deploy application via ArgoCD, test automated updates when Git changes, set up notifications.",Sprint 24
Epic 8,Observability & Monitoring,PBI 8.1,Structured Logging (Serilog),8,"Add comprehensive logging to all services. Integrate Serilog in all services, log to console and file, add structured logging with properties, include correlation IDs for request tracing, configure log levels per environment, add sensitive data masking.",Sprint 25
Epic 8,Observability & Monitoring,PBI 8.2,Centralized Logging (Loki + Grafana),13,"Aggregate logs from all services. Deploy Loki to K8s, configure Promtail DaemonSet for log collection, send logs from all pods to Loki, create log dashboards in Grafana, add log search and filtering with LogQL, set up log alerts.",Sprint 25
Epic 8,Observability & Monitoring,PBI 8.3,Metrics Collection (Prometheus),13,"Collect metrics from all services. Deploy Prometheus to K8s, expose /metrics endpoints in all services using prometheus-net, configure Prometheus scraping with ServiceMonitors, collect custom business metrics (orders, revenue), set up service discovery, configure retention policies.",Sprint 26
Epic 8,Observability & Monitoring,PBI 8.4,Monitoring Dashboards (Grafana),8,"Create comprehensive dashboards. Deploy Grafana to K8s, connect to Prometheus data source, create dashboard for each service, display request rates/errors/latency (RED metrics), show resource usage (CPU, memory), add business metrics, support dashboard as code (version dashboards).",Sprint 26
Epic 8,Observability & Monitoring,PBI 8.5,Distributed Tracing (Jaeger),13,"Trace requests across microservices. Deploy Jaeger to K8s, integrate OpenTelemetry in all services, trace service-to-service calls, include database queries in traces, add custom spans for key operations, visualize traces in Jaeger UI, correlate with logs using trace IDs.",Sprint 27
Epic 9,Advanced Features,PBI 9.1,Notification System (Observer Pattern),13,"Email and in-app notifications. Create NotificationService, support email notifications via SendGrid/SMTP, send order confirmation emails, send shipping update emails, add in-app notification center, support notification preferences, add notification queue (RabbitMQ or Azure Service Bus).",Sprint 28
Epic 9,Advanced Features,PBI 9.2,Recommendation Engine,21,"Product recommendations based on behavior. Recommend 'Customers also bought', recommend 'Frequently bought together', recommend based on browsing history, recommend based on category, display on product and home pages. Implement basic collaborative filtering.",Sprint 29
Epic 9,Advanced Features,PBI 9.3,Admin Dashboard,21,"Admin portal for management. Display sales analytics, display order statistics, display inventory alerts, manage products (CRUD), manage users, manage coupons, view system health. Create admin frontend (React Admin or custom) with role-based access control.",Sprint 30-31
Epic 9,Advanced Features,PBI 9.4,Advanced Search (Elasticsearch),21,"Full-text search with Elasticsearch. Deploy Elasticsearch, integrate NEST client, index products in Elasticsearch on creation/update, support fuzzy search, add search suggestions, support faceted search, highlight search terms, track search analytics.",Sprint 32
Epic 9,Advanced Features,PBI 9.5,Real-time Features (SignalR),13,"Real-time order updates and notifications. Install SignalR, create notification hub, integrate in services to push updates, add frontend SignalR client, send real-time order status updates, show live inventory updates, display live notifications, support admin live dashboard.",Sprint 32
Epic 10,Performance & Security,PBI 10.1,Caching Strategy (Redis),13,"Implement multi-level caching. Deploy Redis to K8s, install StackExchange.Redis, cache product catalog, cache user profiles, implement cache-aside pattern, add cache invalidation logic, configure TTL per data type, monitor cache hit rates.",Sprint 33
Epic 10,Performance & Security,PBI 10.2,API Rate Limiting,8,"Protect APIs from abuse. Add rate limiting to API Gateway using AspNetCoreRateLimit, configure per-user limits, configure per-IP limits, return 429 status code when limit exceeded, add rate limit headers to responses, allow admin exemptions.",Sprint 33
Epic 10,Performance & Security,PBI 10.3,Security Headers & CORS,5,"Add security headers. Add Content-Security-Policy, add X-Frame-Options, add X-Content-Type-Options, add HSTS header, configure CORS properly, test with security scanners (Mozilla Observatory).",Sprint 34
Epic 10,Performance & Security,PBI 10.4,Input Validation & Sanitization,8,"Protect against injection attacks. Validate all input with FluentValidation in all DTOs, sanitize HTML input, add request size limits, add validation tests, prevent SQL injection with parameterized queries, prevent XSS attacks, run security scan.",Sprint 34
Epic 10,Performance & Security,PBI 10.5,Secrets Management (Vault),13,"Secure secrets storage. Deploy HashiCorp Vault (or use Azure Key Vault), store all secrets in Vault, rotate secrets periodically, audit secret access, inject secrets into K8s pods using Vault Agent or CSI driver, document secret management procedures.",Sprint 34
Epic 10,Performance & Security,PBI 10.6,Penetration Testing & Fixes,8,"Security assessment and fixes. Run OWASP ZAP automated scan, run OWASP Dependency-Check, fix all high/critical vulnerabilities, document security posture, create security checklist, re-scan and verify fixes.",Sprint 35

